metrics/precision(B),metrics/recall(B),metrics/mAP50(B),metrics/mAP50-95(B),fitness
0.8857057037921079,0.807110341106808,0.8753142185317688,0.6517305207662679,0.674088890542818
